Customer,Date,Price_lb_COL,Amount_lbs
101,4/1/14,8.6,8867
101,5/16/14,9.8,8828
101,6/30/14,10.7,9615
101,8/14/14,11,9722
101,9/28/14,13.5,8993
101,11/12/14,15.4,9270
101,12/27/14,18,9633
101,2/10/15,18.3,9599
101,3/27/15,18.3,9405
101,5/11/15,19.3,9842
101,6/25/15,20.4,9798
101,8/9/15,20.5,10244
101,9/23/15,21.2,9395
101,11/7/15,23.8,10365
101,12/22/15,25.7,9558
101,2/5/16,26.3,10344
101,3/21/16,27.3,10447
101,5/5/16,28.3,9938
101,6/19/16,28.3,9734
101,8/3/16,28.9,10377
101,9/17/16,29.2,9778
101,12/24/14,7.2,2186
102,1/10/15,7.3,2297
102,1/27/15,7.6,2146
102,2/13/15,7.6,2168
102,3/2/15,8.1,2174
102,3/19/15,8.3,2220
102,4/5/15,8.8,2314
102,4/22/15,9.2,2164
102,5/9/15,10,2161
102,5/26/15,10.1,2257
102,6/12/15,10.4,2210
102,6/29/15,10.8,2116
102,7/16/15,11.2,2088
102,8/2/15,11.3,2127
102,8/19/15,11.9,2196
102,9/5/15,12.3,2145
102,9/22/15,12.6,2035
102,10/9/15,12.6,2088
102,10/26/15,12.6,2067
102,11/12/15,13.3,1981
102,11/29/15,13.9,1993
102,12/16/15,14.5,1972
102,1/2/16,15.2,2054
102,1/19/16,15.5,1890
102,2/5/16,16,1940
102,2/22/16,16,1892
102,3/10/16,16.1,1877
102,3/27/16,16.8,1828
102,4/13/16,17.8,1741
102,4/30/16,17.8,1887
102,5/17/16,18,1892
102,6/3/16,18.3,1756
102,6/20/16,18.9,1665
102,7/7/16,19.7,1758
102,7/24/16,19.9,1634
102,8/10/16,22.1,1464
102,8/27/16,22.9,1494
102,9/13/16,23.6,1402
102,9/30/16,24.2,1351
102,10/17/16,24.3,1361
103,5/11/14,4,5222
103,5/24/14,4,5411
103,6/6/14,4.9,5626
103,6/19/14,5,5683
103,7/2/14,5.1,5278
103,7/15/14,5.8,5241
103,7/28/14,6.3,5282
103,8/10/14,6.5,5260
103,8/23/14,6.6,5290
103,9/5/14,7,5630
103,9/18/14,7.3,5693
103,10/1/14,7.5,5479
103,10/14/14,8,5410
103,10/27/14,8.1,5633
103,11/9/14,8.3,5667
103,11/22/14,8.5,5285
103,12/5/14,9.4,90000
103,12/18/14,9.5,5701
103,12/31/14,9.7,5734
103,1/13/15,10,5548
103,1/26/15,10,5325
103,2/8/15,10,5520
103,2/21/15,10.6,5482
103,3/6/15,10.6,5620
103,3/19/15,10.6,5262
103,4/1/15,11.9,5281
103,4/14/15,12,5590
103,4/27/15,12.6,5304
103,5/10/15,12.9,5293
103,5/23/15,13.2,5412
103,6/5/15,13.4,5386
103,6/18/15,13.4,5075
103,7/1/15,13.4,4920
103,7/14/15,13.6,5231
103,7/27/15,13.9,4936
103,8/9/15,15,4771
103,8/22/15,16,5000
103,9/4/15,16.6,4650
103,9/17/15,16.9,4512
103,9/30/15,17.2,4818
103,10/13/15,18.2,4365
103,10/26/15,18.3,4349
103,11/8/15,18.6,4568
103,11/21/15,19.1,4331
103,12/4/15,19.2,4422
103,12/17/15,19.3,4167
103,12/30/15,19.5,4391
103,1/12/16,19.9,4214
103,1/25/16,20,4386
103,2/7/16,20.7,3988
103,2/20/16,20.9,4012
103,3/4/16,21.7,3897
103,3/17/16,22.1,3740
103,3/30/16,22.4,3773
103,4/12/16,22.8,3578
103,4/25/16,22.9,3702
103,5/8/16,22.9,3702
103,5/21/16,23.1,3621
103,6/3/16,23.1,3585
103,6/16/16,23.5,3461
103,6/29/16,23.6,3369
103,7/12/16,24,3312
103,7/25/16,24.3,3258
103,8/7/16,25.1,3027
103,8/20/16,25.9,2927
103,9/2/16,26.1,2939
103,9/15/16,26.8,2715
103,9/28/16,26.8,2480
103,10/11/16,27.1,2537
103,10/24/16,28.3,1984
104,5/31/14,5.8,4590
104,6/25/14,6.6,4681
104,7/20/14,7,4933
104,8/14/14,7.5,5019
104,9/8/14,7.5,4848
104,10/3/14,8.1,4985
104,10/28/14,8.2,4718
104,11/22/14,9.3,4843
104,12/17/14,11.4,4628
104,1/11/15,11.4,4939
104,2/5/15,12.3,4514
104,3/2/15,13.8,4628
104,3/27/15,15.1,4452
104,4/21/15,15.7,4226
104,5/16/15,15.8,4429
104,6/10/15,16.3,4046
104,7/5/15,16.7,4018
104,7/30/15,18,3950
104,8/24/15,18.1,4176
104,9/18/15,19.2,3644
104,10/13/15,20.2,3498
104,11/7/15,20.3,3538
104,12/2/15,22.5,3385
104,12/27/15,23,3320
104,1/21/16,23.9,2891
104,2/15/16,24.2,3022
104,3/11/16,24.5,2883
104,4/5/16,25.3,2673
104,4/30/16,25.6,2561
104,5/25/16,26.6,2284
104,6/19/16,26.6,2437
104,7/14/16,27.2,2138
104,8/8/16,27.7,2118
104,9/2/16,28.3,1783
104,9/27/16,28.6,1724
104,10/22/16,28.6,1656
104,2/1/15,5.8,7367
104,5/11/15,13.7,7546
104,8/18/15,18.9,7664
104,11/25/15,24.3,8081
104,3/3/16,24.5,8047
104,6/10/16,27.8,8181
104,9/17/16,28.8,8561
105,8/17/14,7.7,5590
105,8/29/14,7.9,5387
105,9/10/14,8.2,5551
105,9/22/14,8.2,5357
105,10/4/14,8.2,5579
105,10/16/14,8.3,5440
105,10/28/14,8.7,5446
105,11/9/14,8.7,5446
105,11/21/14,8.8,5584
105,12/3/14,8.9,5344
105,12/15/14,9,5241
105,12/27/14,9.2,5224
105,1/8/15,9.2,5410
105,1/20/15,9.6,5222
105,2/1/15,10.2,5165
105,2/13/15,10.8,5171
105,2/25/15,11,5117
105,3/9/15,11.3,4729
105,3/21/15,11.5,5000
105,4/2/15,11.7,4657
105,4/14/15,11.9,5001
105,4/26/15,12.7,4627
105,5/8/15,12.8,4976
105,5/20/15,12.9,4895
105,6/1/15,12.9,4823
105,6/13/15,13.2,4796
105,6/25/15,13.5,4817
105,7/7/15,13.8,4558
105,7/19/15,13.8,4511
105,7/31/15,14,4449
105,8/12/15,14.3,4429
105,8/24/15,14.8,4443
105,9/5/15,15.1,4540
105,9/17/15,16,4695
105,9/29/15,16.2,4662
105,10/11/15,16.4,4652
105,10/23/15,16.4,4447
105,11/4/15,16.4,4674
105,11/16/15,16.8,4678
105,11/28/15,16.8,4429
105,12/10/15,17.3,4431
105,12/22/15,19,4460
105,1/3/16,19.2,4409
105,1/15/16,19.5,4290
105,1/27/16,19.9,4280
105,2/8/16,20.4,4400
105,2/20/16,20.5,4485
105,3/3/16,20.5,4266
105,3/15/16,20.7,4349
105,3/27/16,20.9,4520
105,4/8/16,21.8,4414
105,4/20/16,21.9,4500
105,5/2/16,23,4547
105,5/14/16,23.2,4523
105,5/26/16,23.4,4194
105,6/7/16,24.7,4418
105,6/19/16,25.5,4281
105,7/1/16,26.9,4359
105,7/13/16,27.1,4358
105,7/25/16,27.3,4357
105,8/6/16,27.4,4141
105,8/18/16,27.6,4248
105,8/30/16,28.1,4354
105,9/11/16,28.2,4505
105,9/23/16,28.2,4462
105,10/5/16,28.3,4332
105,10/17/16,28.6,4396
106,4/5/14,5,5342
106,5/22/14,6.5,5065
106,7/8/14,7.6,5093
106,8/24/14,10.5,5114
106,10/10/14,12.1,5535
106,11/26/14,13.7,5607
106,1/12/15,15.8,5445
106,2/28/15,15.8,5721
106,4/16/15,15.8,5472
106,6/2/15,16.4,5544
106,7/19/15,17.5,5826
106,9/4/15,17.8,5472
106,10/21/15,18.1,5787
106,12/7/15,18.7,5468
106,1/23/16,18.9,5839
106,3/10/16,19.6,5606
106,4/26/16,20.1,5620
106,6/12/16,20.7,5693
106,7/29/16,24,5673
106,9/14/16,25.5,5599
107,9/22/14,12,7716
107,2/1/15,13.6,7895
107,6/13/15,15.6,8171
107,10/23/15,16.4,8165
107,3/3/16,20.5,7727
107,7/13/16,23.8,8102
108,5/7/14,4.6,1189
108,5/28/14,5,1173
108,6/18/14,5.1,1180
108,7/9/14,5.4,1157
108,7/30/14,5.9,1172
108,8/20/14,7,1209
108,9/10/14,7.4,1175
108,10/1/14,8.2,1210
108,10/22/14,8.6,1225
108,11/12/14,8.7,1182
108,12/3/14,9.1,1290
108,12/24/14,9.7,1238
108,1/14/15,9.8,1214
108,2/4/15,10.6,1256
108,2/25/15,11.2,1180
108,3/18/15,12.1,1241
108,4/8/15,12.2,1232
108,4/29/15,12.3,1134
108,5/20/15,13,1145
108,6/10/15,13.4,1192
108,7/1/15,13.6,1204
108,7/22/15,13.8,1158
108,8/12/15,14.3,1183
108,9/2/15,16.2,1057
108,9/23/15,16.9,1040
108,10/14/15,17.4,1039
108,11/4/15,17.6,1042
108,11/25/15,18,972
108,12/16/15,18,1033
108,1/6/16,20,933
108,1/27/16,20,971
108,2/17/16,20.3,958
108,3/9/16,21.1,875
108,3/30/16,21.3,898
108,4/20/16,21.6,910
108,5/11/16,21.8,819
108,6/1/16,23.8,774
108,6/22/16,24.2,771
108,7/13/16,24.6,708
108,8/3/16,24.7,699
108,8/24/16,25.4,693
108,9/14/16,25.7,671
108,10/5/16,26.2,644
108,10/26/16,26.3,634
109,12/7/14,10.3,7900
109,1/10/15,11.2,7896
109,2/13/15,12.3,7634
109,3/19/15,12.9,7802
109,4/22/15,13.7,7491
109,5/26/15,14,7241
109,6/29/15,14.6,6629
109,8/2/15,15.2,6598
109,9/5/15,17,6200
109,10/9/15,18.1,5952
109,11/12/15,19.2,5913
109,12/16/15,19.5,6130
109,1/19/16,19.6,6025
109,2/22/16,20,5991
109,3/27/16,21,5930
109,4/30/16,23,5678
109,6/3/16,23.5,5273
109,7/7/16,25,5342
109,8/10/16,26.9,5006
109,9/13/16,28.4,4779
109,10/17/16,28.6,4841
110,10/16/14,8.3,1742
110,10/28/14,8.5,1779
110,11/9/14,8.7,1808
110,11/21/14,9.2,1740
110,12/3/14,9.3,1849
110,12/15/14,10,1828
110,12/27/14,10.2,1749
110,1/8/15,10.6,1726
110,1/20/15,10.8,1863
110,2/1/15,11.2,1858
110,2/13/15,11.2,1858
110,2/25/15,11.3,1750
110,3/9/15,11.4,1823
110,3/21/15,11.6,1807
110,4/2/15,12.4,1850
110,4/14/15,13.2,1739
110,4/26/15,13.4,1786
110,5/8/15,13.5,1861
110,5/20/15,14.1,1820
110,6/1/15,14.2,1821
110,6/13/15,14.3,1850
110,6/25/15,14.3,1795
110,7/7/15,14.4,1832
110,7/19/15,15.4,1934
110,7/31/15,15.5,1805
110,8/12/15,15.6,1853
110,8/24/15,15.8,1817
110,9/5/15,16,1773
110,9/17/15,16.1,1848
110,9/29/15,16.4,1860
110,10/11/15,16.6,1899
110,10/23/15,17.1,1922
110,11/4/15,17.1,1885
110,11/16/15,17.7,1797
110,11/28/15,17.8,1939
110,12/10/15,17.8,1911
110,12/22/15,17.9,1818
110,1/3/16,18.5,1880
110,1/15/16,18.6,1824
110,1/27/16,19.3,1972
110,2/8/16,19.4,1813
110,2/20/16,19.6,1956
110,3/3/16,19.7,1938
110,3/15/16,23,1913
110,3/27/16,23.1,1894
110,4/8/16,23.7,1881
110,4/20/16,24.4,1984
110,5/2/16,24.6,1977
110,5/14/16,24.6,1928
110,5/26/16,25,2000
110,6/7/16,25.3,1935
110,6/19/16,25.4,1936
110,7/1/16,25.7,1919
110,7/13/16,26,1990
110,7/25/16,26.1,1865
110,8/6/16,26.2,1885
110,8/18/16,26.3,1993
110,8/30/16,26.4,1965
110,9/11/16,26.5,1937
110,9/23/16,27.6,1928
110,10/5/16,28,1981
110,10/17/16,28.3,2053
601,12/12/14,14.3,101
601,1/4/15,14.6,102
601,1/27/15,16.6,95
601,2/19/15,18,94
601,3/14/15,18.3,88
601,4/6/15,19,91
601,4/29/15,19.1,91
601,5/22/15,19.5,92
601,6/14/15,20,84
601,7/7/15,20.2,82
601,7/30/15,20.6,80
601,8/22/15,21.5,82
601,9/14/15,21.7,82
601,10/7/15,22.1,75
601,10/30/15,23.3,69
601,11/22/15,23.3,74
601,12/15/15,23.9,73
601,1/7/16,23.9,70
601,1/30/16,24.3,65
601,2/22/16,24.6,69
601,3/16/16,25.3,65
601,4/8/16,25.4,63
601,5/1/16,25.7,59
601,5/24/16,25.9,58
601,6/16/16,27.1,53
601,7/9/16,27.2,51
601,8/1/16,27.8,46
601,8/24/16,28.6,39
601,9/16/16,28.9,37
601,10/9/16,29,35
602,3/30/14,1.9,6504
602,5/13/14,4.6,6529
602,6/26/14,6.1,6419
602,8/9/14,6.7,6246
602,9/22/14,9.2,6649
602,11/5/14,9.7,6535
602,12/19/14,10.9,6300
602,2/1/15,12.3,6175
602,3/17/15,12.8,6136
602,4/30/15,13.9,6214
602,6/13/15,16.3,5649
602,7/27/15,17.2,5274
602,9/9/15,17.9,5338
602,10/23/15,18.4,5401
602,12/6/15,18.8,5193
602,1/19/16,19.7,4740
602,3/3/16,22.1,4369
602,4/16/16,22.9,4154
602,5/30/16,23.4,4212
602,7/13/16,26,3202
602,8/26/16,26.1,3202
602,10/9/16,26.3,3296
603,8/13/14,7.8,3805
603,10/8/14,8.6,3765
603,12/3/14,9,3587
603,1/28/15,9.7,3748
603,3/25/15,10.3,3658
603,5/20/15,10.8,3658
603,7/15/15,12.6,3342
603,9/9/15,12.8,3642
603,11/4/15,13.5,3306
603,12/30/15,19,3029
603,2/24/16,20.7,2604
603,4/20/16,21,2649
603,6/15/16,22.9,2359
603,8/10/16,23,2296
603,10/5/16,27.2,1603
604,4/30/14,5,6852
604,5/17/14,5.4,6083
604,6/3/14,5.5,6325
604,6/20/14,6.2,5642
604,7/7/14,6.3,5651
604,7/24/14,7.2,5147
604,8/10/14,7.2,5522
604,8/27/14,7.4,5531
604,9/13/14,7.6,5176
604,9/30/14,7.7,4990
604,10/17/14,8.7,5012
604,11/3/14,8.7,4715
604,11/20/14,9.1,4974
604,12/7/14,9.2,4954
604,12/24/14,9.7,4765
604,1/10/15,10.1,4675
604,1/27/15,10.1,4628
604,2/13/15,10.6,4809
604,3/2/15,12.4,4198
604,3/19/15,12.5,4255
604,4/5/15,13.1,4486
604,4/22/15,13.2,4478
604,5/9/15,14,4182
604,5/26/15,14.1,4218
604,6/12/15,14.2,4105
604,6/29/15,14.6,4398
604,7/16/15,14.7,4201
604,8/2/15,14.7,4413
604,8/19/15,15.1,4388
604,9/5/15,15.5,4136
604,9/22/15,15.7,4230
604,10/9/15,16.1,4190
604,10/26/15,16.5,4234
604,11/12/15,16.5,4131
604,11/29/15,16.6,4188
604,12/16/15,17,4233
604,1/2/16,17.1,4106
604,1/19/16,18.1,4131
604,2/5/16,19.6,4209
604,2/22/16,19.8,4043
604,3/10/16,21.3,4031
604,3/27/16,21.6,3966
604,4/13/16,22,4158
604,4/30/16,22,3979
604,5/17/16,22.3,4074
604,6/3/16,22.3,3835
604,6/20/16,22.6,3871
604,7/7/16,23.6,4076
604,7/24/16,25,3924
604,8/10/16,25.2,4001
604,8/27/16,26.7,3913
604,9/13/16,26.9,3971
604,9/30/16,27.4,3871
604,10/17/16,27.5,3792
605,1/13/14,1.5,5671
605,1/25/14,1.6,5478
605,2/6/14,1.7,5537
605,2/18/14,2.2,5467
605,3/2/14,2.5,5643
605,3/14/14,2.7,5874
605,3/26/14,2.9,5598
605,4/7/14,3,5460
605,4/19/14,3,5517
605,5/1/14,3.1,5519
605,5/13/14,3.2,5804
605,5/25/14,3.2,5607
605,6/6/14,3.3,5694
605,6/18/14,3.9,5372
605,6/30/14,4.2,5437
605,7/12/14,4.5,5416
605,7/24/14,5.2,5435
605,8/5/14,5.6,5532
605,8/17/14,6.1,5946
605,8/29/14,6.3,5494
605,9/10/14,6.3,5809
605,9/22/14,6.5,5757
605,10/4/14,6.8,5536
605,10/16/14,6.8,5938
605,10/28/14,6.9,5482
605,11/9/14,7,5915
605,11/21/14,7.2,5835
605,12/3/14,7.3,5694
605,12/15/14,7.3,5723
605,12/27/14,7.4,5582
605,1/8/15,7.7,5734
605,1/20/15,7.8,5535
605,2/1/15,8.8,5766
605,2/13/15,8.9,5798
605,2/25/15,9.8,5911
605,3/9/15,9.9,6060
605,3/21/15,10.3,5853
605,4/2/15,10.6,5962
605,4/14/15,11.1,5588
605,4/26/15,11.4,5440
605,5/8/15,11.5,5569
605,5/20/15,11.6,5614
605,6/1/15,11.8,5730
605,6/13/15,12.1,5330
605,6/25/15,12.6,5766
605,7/7/15,12.7,5368
605,7/19/15,12.9,5206
605,7/31/15,13.5,5483
605,8/12/15,13.8,5147
605,8/24/15,14.6,5463
605,9/5/15,14.6,4990
605,9/17/15,14.7,5055
605,9/29/15,14.7,5265
605,10/11/15,14.8,5434
605,10/23/15,14.9,5002
605,11/4/15,15,5041
605,11/16/15,15.7,5300
605,11/28/15,17,5046
605,12/10/15,17.3,4803
605,12/22/15,17.5,4916
605,1/3/16,17.5,4699
605,1/15/16,17.8,4747
605,1/27/16,18.7,4458
605,2/8/16,20.5,4101
605,2/20/16,20.6,4339
605,3/3/16,20.6,4381
605,3/15/16,20.8,4024
605,3/27/16,20.9,4279
605,4/8/16,22.2,4087
605,4/20/16,22.4,3710
605,5/2/16,22.7,3839
605,5/14/16,22.7,3993
605,5/26/16,23.2,3744
605,6/7/16,23.4,3807
605,6/19/16,23.9,3700
605,7/1/16,24.7,3438
605,7/13/16,25.1,3392
605,7/25/16,25.1,3116
605,8/6/16,25.5,3133
605,8/18/16,25.8,3015
605,8/30/16,26.1,3014
605,9/11/16,26.2,2953
605,9/23/16,27.3,2517
605,10/5/16,27.4,2469
605,10/17/16,27.5,2407
606,8/5/14,12.4,5029
606,9/28/14,12.8,4983
606,11/21/14,13,4960
606,1/14/15,14.4,4645
606,3/9/15,16.2,4602
606,5/2/15,18.1,4154
606,6/25/15,18.5,4244
606,8/18/15,20.7,3861
606,10/11/15,21.5,3585
606,12/4/15,24.4,3051
606,1/27/16,25.6,2745
606,3/21/16,25.7,2917
606,5/14/16,26.2,2760
606,7/7/16,29.3,1564
606,8/30/16,29.6,1344
606,10/23/16,29.9,1188
607,12/15/14,9.7,5396
607,12/27/14,9.9,5237
607,1/8/15,9.9,5210
607,1/20/15,10.8,5371
607,2/1/15,11.3,5246
607,2/13/15,12,5597
607,2/25/15,12,5293
607,3/9/15,12.3,5419
607,3/21/15,12.3,5337
607,4/2/15,12.5,5169
607,4/14/15,12.5,5385
607,4/26/15,12.6,5515
607,5/8/15,12.7,5059
607,5/20/15,12.9,5110
607,6/1/15,13.1,5135
607,6/13/15,13.3,4902
607,6/25/15,13.4,5031
607,7/7/15,13.5,4853
607,7/19/15,13.7,5211
607,7/31/15,13.9,5086
607,8/12/15,14,4837
607,8/24/15,16.5,4546
607,9/5/15,16.6,4530
607,9/17/15,16.8,4387
607,9/29/15,16.8,4253
607,10/11/15,16.8,4498
607,10/23/15,17.7,4149
607,11/4/15,18.5,4070
607,11/16/15,19.3,4205
607,11/28/15,19.3,4266
607,12/10/15,19.4,4255
607,12/22/15,19.5,4100
607,1/3/16,19.8,4026
607,1/15/16,20,3985
607,1/27/16,20,3985
607,2/8/16,20.4,4005
607,2/20/16,20.5,4155
607,3/3/16,20.5,3815
607,3/15/16,20.9,4036
607,3/27/16,22.1,3716
607,4/8/16,23.1,3659
607,4/20/16,23.6,3810
607,5/2/16,24,3615
607,5/14/16,24.7,3808
607,5/26/16,25.1,3509
607,6/7/16,25.2,3703
607,6/19/16,25.3,3733
607,7/1/16,25.4,3745
607,7/13/16,25.8,3721
607,7/25/16,26.3,3567
607,8/6/16,26.3,3460
607,8/18/16,26.4,3615
607,8/30/16,26.5,3467
607,9/11/16,26.8,3593
607,9/23/16,27,3600
607,10/5/16,27,3547
607,10/17/16,27.4,3404
201,9/22/14,6.6,8918
201,10/4/14,6.9,8330
201,10/16/14,7.1,8940
201,10/28/14,7.7,8708
201,11/9/14,7.9,8587
201,11/21/14,8.9,8283
201,12/3/14,9.1,8900
201,12/15/14,9.3,8474
201,12/27/14,9.3,8300
201,1/8/15,9.4,8826
201,1/20/15,9.6,8922
201,2/1/15,10,8896
201,2/13/15,11,9116
201,2/25/15,11.5,8787
201,3/9/15,12.3,8955
201,3/21/15,12.4,8606
201,4/2/15,12.7,9150
201,4/14/15,13.1,8858
201,4/26/15,13.9,8893
201,5/8/15,13.9,8938
201,5/20/15,14.2,8729
201,6/1/15,14.6,8523
201,6/13/15,15.4,8736
201,6/25/15,15.7,9153
201,7/7/15,15.8,8799
201,7/19/15,16.6,9420
201,7/31/15,17.8,9068
201,8/12/15,17.8,8751
201,8/24/15,18.2,9314
201,9/5/15,18.3,9046
201,9/17/15,18.3,9318
201,9/29/15,19,9169
201,10/11/15,19.4,8776
201,10/23/15,19.5,9192
201,11/4/15,19.9,8752
201,11/16/15,20,9352
201,11/28/15,20.4,9555
201,12/10/15,20.6,9518
201,12/22/15,21.1,9450
201,1/3/16,21.1,9404
201,1/15/16,21.3,8998
201,1/27/16,21.8,9622
201,2/8/16,21.9,8840
201,2/20/16,22.2,9131
201,3/3/16,22.7,9479
201,3/15/16,22.8,9391
201,3/27/16,23.2,9410
201,4/8/16,23.3,9275
201,4/20/16,23.7,9480
201,5/2/16,24.4,9607
201,5/14/16,24.7,9152
201,5/26/16,25.1,9735
201,6/7/16,25.3,9745
201,6/19/16,25.3,9556
201,7/1/16,25.4,9796
201,7/13/16,26.8,9391
201,7/25/16,26.9,9728
201,8/6/16,27.3,9272
201,8/18/16,27.4,9705
201,8/30/16,27.5,9091
201,9/11/16,28.2,9553
201,9/23/16,28.2,9982
201,10/5/16,28.2,9553
201,10/17/16,28.3,9987
202,12/27/14,8.1,4871
202,1/20/15,8.4,5102
202,2/13/15,10.4,5053
202,3/9/15,13,5170
202,4/2/15,13.4,5180
202,4/26/15,13.6,5236
202,5/20/15,14,5042
202,6/13/15,14.1,4942
202,7/7/15,16.3,5359
202,7/31/15,16.3,4919
202,8/24/15,16.8,5087
202,9/17/15,16.9,5219
202,10/11/15,19,5484
202,11/4/15,19.8,5375
202,11/28/15,20.3,5071
202,12/22/15,21.1,5304
202,1/15/16,21.1,5145
202,2/8/16,22.3,5149
202,3/3/16,23.5,5153
202,3/27/16,23.5,5502
202,4/20/16,24,5543
202,5/14/16,24.7,5589
202,6/7/16,25.3,5281
202,7/1/16,25.7,5509
202,7/25/16,26.3,5198
202,8/18/16,26.6,5452
202,9/11/16,27.3,5197
202,10/5/16,27.4,5556
203,8/5/14,4,6795
203,11/21/14,5.2,6905
203,3/9/15,7.2,7009
203,6/25/15,21.2,5243
203,10/11/15,22.4,4762
203,1/27/16,24.4,4102
203,5/14/16,24.7,3927
203,8/30/16,27.2,3112
204,8/9/14,6.3,8827
204,8/29/14,6.3,8873
204,9/18/14,6.7,9496
204,10/8/14,8.4,9155
204,10/28/14,8.5,9535
204,11/17/14,9,9559
204,12/7/14,9.4,9389
204,12/27/14,9.5,9064
204,1/16/15,9.6,9824
204,2/5/15,9.9,9366
204,2/25/15,10.1,9801
204,3/17/15,11.1,9279
204,4/6/15,11.3,9050
204,4/26/15,11.6,9827
204,5/16/15,11.9,9938
204,6/5/15,12.7,9600
204,6/25/15,13.3,8990
204,7/15/15,13.5,9165
204,8/4/15,13.7,8683
204,8/24/15,13.8,8815
204,9/13/15,14.5,8031
204,10/3/15,15.4,8339
204,10/23/15,16.4,7988
204,11/12/15,17.3,7893
204,12/2/15,17.4,7529
204,12/22/15,17.9,7187
204,1/11/16,18.5,7602
204,1/31/16,19.8,7051
204,2/20/16,20.7,6584
204,3/11/16,20.8,6739
204,3/31/16,21.4,7016
204,4/20/16,21.6,6749
204,5/10/16,21.9,6971
204,5/30/16,22.1,6875
204,6/19/16,22.6,6704
204,7/9/16,22.7,6822
204,7/29/16,23.4,6468
204,8/18/16,25.8,6325
204,9/7/16,26.2,6039
204,9/27/16,26.7,6177
204,10/17/16,27,6150
1001,4/23/14,4.1,9026
1001,5/7/14,4.2,8801
1001,5/21/14,5.1,9486
1001,6/4/14,5.2,9076
1001,6/18/14,5.6,8817
1001,7/2/14,6,9436
1001,7/16/14,6.2,9121
1001,7/30/14,6.2,9168
1001,8/13/14,6.4,9177
1001,8/27/14,6.4,9687
1001,9/10/14,6.6,9464
1001,9/24/14,6.7,9283
1001,10/8/14,6.7,8958
1001,10/22/14,6.9,9571
1001,11/5/14,7.7,9237
1001,11/19/14,8.6,9466
1001,12/3/14,8.9,9386
1001,12/17/14,9,9250
1001,12/31/14,9.4,9833
1001,1/14/15,9.8,9523
1001,1/28/15,10.6,9046
1001,2/11/15,10.8,9381
1001,2/25/15,10.8,9196
1001,3/11/15,10.9,9547
1001,3/25/15,11,9297
1001,4/8/15,11,9019
1001,4/22/15,11.5,8742
1001,5/6/15,12.1,9351
1001,5/20/15,12.7,9046
1001,6/3/15,12.9,8960
1001,6/17/15,13.1,9094
1001,7/1/15,13.2,8720
1001,7/15/15,14.4,8548
1001,7/29/15,14.5,8526
1001,8/12/15,14.5,8526
1001,8/26/15,14.7,8184
1001,9/9/15,14.9,8689
1001,9/23/15,15.2,7990
1001,10/7/15,17.6,7815
1001,10/21/15,17.9,7697
1001,11/4/15,18.2,7731
1001,11/18/15,18.6,7808
1001,12/2/15,18.9,7164
1001,12/16/15,19.4,7208
1001,12/30/15,20.3,7188
1001,1/13/16,20.7,6889
1001,1/27/16,20.7,6785
1001,2/10/16,20.8,7132
1001,2/24/16,21,6590
1001,3/9/16,21.1,6457
1001,3/23/16,21.5,6399
1001,4/6/16,22.8,6365
1001,4/20/16,23.8,5568
1001,5/4/16,24.3,5458
1001,5/18/16,24.7,5565
1001,6/1/16,24.8,5494
1001,6/15/16,25.1,5149
1001,6/29/16,25.4,5067
1001,7/13/16,26,4857
1001,7/27/16,26.3,4776
1001,8/10/16,26.8,4419
1001,8/24/16,27,4309
1001,9/7/16,27,4330
1001,9/21/16,27.1,4146
1001,10/5/16,27.1,4316
1001,10/19/16,28.6,3397
1002,3/12/14,2.8,2554
1002,3/26/14,3,2700
1002,4/9/14,3.1,2505
1002,4/23/14,3.3,2744
1002,5/7/14,3.4,2548
1002,5/21/14,3.8,2593
1002,6/4/14,4,2622
1002,6/18/14,4.2,2677
1002,7/2/14,4.6,2762
1002,7/16/14,4.9,2514
1002,7/30/14,5,2661
1002,8/13/14,5.1,2649
1002,8/27/14,6.6,2683
1002,9/10/14,6.8,2779
1002,9/24/14,6.8,2632
1002,10/8/14,7,2554
1002,10/22/14,7.7,2765
1002,11/5/14,8,2675
1002,11/19/14,8.3,2773
1002,12/3/14,9.1,2649
1002,12/17/14,9.6,2615
1002,12/31/14,10.4,2748
1002,1/14/15,10.9,2714
1002,1/28/15,11,2674
1002,2/11/15,11.1,2798
1002,2/25/15,11.1,2839
1002,3/11/15,11.3,2692
1002,3/25/15,11.5,2681
1002,4/8/15,11.9,2755
1002,4/22/15,12.4,2748
1002,5/6/15,13.1,2661
1002,5/20/15,13.2,2745
1002,6/3/15,13.5,2708
1002,6/17/15,14.1,2647
1002,7/1/15,14.3,2802
1002,7/15/15,14.5,2832
1002,7/29/15,15.1,2660
1002,8/12/15,15.4,2706
1002,8/26/15,16.5,2903
1002,9/9/15,17.5,2805
1002,9/23/15,17.6,2693
1002,10/7/15,18.2,2758
1002,10/21/15,18.4,2874
1002,11/4/15,19.9,2896
1002,11/18/15,20.1,2842
1002,12/2/15,20.2,2843
1002,12/16/15,21.3,2744
1002,12/30/15,22.5,2919
1002,1/13/16,22.8,2938
1002,1/27/16,23.2,2929
1002,2/10/16,24.3,2902
1002,2/24/16,24.8,3041
1002,3/9/16,25.1,2870
1002,3/23/16,25.4,2815
1002,4/6/16,25.5,2787
1002,4/20/16,25.9,2984
1002,5/4/16,25.9,2837
1002,5/18/16,26,2853
1002,6/1/16,26.6,2935
1002,6/15/16,26.8,2909
1002,6/29/16,26.9,2836
1002,7/13/16,27.6,3084
1002,7/27/16,27.7,2907
1002,8/10/16,27.9,3088
1002,8/24/16,28,2837
1002,9/7/16,28,2867
1002,9/21/16,28.5,2889
1002,10/5/16,28.5,2934
1002,10/19/16,28.6,3054
1003,12/17/14,14,3576
1003,2/25/15,15.1,3354
1003,5/6/15,15.8,3381
1003,7/15/15,19,3134
1003,9/23/15,19.3,3138
1003,12/2/15,21.7,2756
1003,2/10/16,22.9,2673
1003,4/20/16,23,2849
1003,6/29/16,26.4,2725
1003,9/7/16,27.6,2639
301,10/17/14,11.9,4068
301,11/3/14,12.3,3786
301,11/20/14,12.5,3782
301,12/7/14,12.6,3990
301,12/24/14,12.8,3871
301,1/10/15,13.9,3394
301,1/27/15,14.1,3592
301,2/13/15,14.3,3367
301,3/2/15,16.5,3129
301,3/19/15,16.9,3006
301,4/5/15,17.1,3269
301,4/22/15,17.4,3190
301,5/9/15,18.8,2936
301,5/26/15,18.9,3091
301,6/12/15,19,2964
301,6/29/15,19.2,2947
301,7/16/15,19.7,2879
301,8/2/15,19.8,2798
301,8/19/15,20.2,2784
301,9/5/15,20.5,2863
301,9/22/15,21.4,2816
301,10/9/15,21.4,2830
301,10/26/15,21.7,2659
301,11/12/15,21.8,2888
301,11/29/15,21.9,2675
301,12/16/15,22.2,2808
301,1/2/16,23,2816
301,1/19/16,23.7,2565
301,2/5/16,23.8,2547
301,2/22/16,24.3,2603
301,3/10/16,24.3,2537
301,3/27/16,24.5,2646
301,4/13/16,24.8,2476
301,4/30/16,24.9,2576
301,5/17/16,25.2,2472
301,6/3/16,25.3,2558
301,6/20/16,26.5,2510
301,7/7/16,26.7,2541
301,7/24/16,27,2630
301,8/10/16,27.7,2417
301,8/27/16,27.8,2514
301,9/13/16,27.8,2563
301,9/30/16,27.9,2510
301,10/17/16,29.5,2545
302,1/12/15,12.3,8410
302,2/28/15,19.4,6603
302,4/16/15,20.6,6340
302,6/2/15,22,5929
302,7/19/15,22.8,5978
302,9/4/15,22.8,6095
302,10/21/15,23.3,5539
302,12/7/15,25.5,5775
302,1/23/16,25.9,5515
302,3/10/16,26.5,5657
302,4/26/16,26.7,5393
302,6/12/16,27.2,5681
302,7/29/16,28,5159
302,9/14/16,28.9,5446
303,11/5/14,12.4,8410
303,11/27/14,12.6,8371
303,12/19/14,13.3,8151
303,1/10/15,13.8,8134
303,2/1/15,13.9,7948
303,2/23/15,16.5,8011
303,3/17/15,16.7,7350
303,4/8/15,16.7,7311
303,4/30/15,16.8,7250
303,5/22/15,16.9,7760
303,6/13/15,17.2,7422
303,7/5/15,17.5,7536
303,7/27/15,18,7335
303,8/18/15,18.3,7149
303,9/9/15,18.6,7358
303,10/1/15,18.8,7054
303,10/23/15,19.7,7016
303,11/14/15,20.7,6785
303,12/6/15,20.8,6524
303,12/28/15,21.1,6563
303,1/19/16,21.8,6432
303,2/10/16,22.4,5865
303,3/3/16,22.5,5742
303,3/25/16,22.8,5643
303,4/16/16,22.9,5844
303,5/8/16,23.4,5581
303,5/30/16,24.3,5112
303,6/21/16,24.5,5247
303,7/13/16,25,5270
303,8/4/16,25.5,4778
303,8/26/16,25.7,4689
303,9/17/16,25.7,4975
303,10/9/16,25.9,4668
304,4/19/14,8.2,3531
304,8/5/14,9.4,3682
304,11/21/14,10.5,3814
304,3/9/15,14.3,3641
304,6/25/15,15.2,3695
304,10/11/15,15.8,3897
304,1/27/16,25.8,3916
304,5/14/16,28.5,4153
304,8/30/16,30.3,4088
305,9/22/14,8.9,3735
305,10/16/14,9.3,3576
305,11/9/14,9.3,3539
305,12/3/14,9.6,3544
305,12/27/14,10.1,3823
305,1/20/15,10.7,3539
305,2/13/15,11.5,3715
305,3/9/15,11.9,3719
305,4/2/15,12.1,3435
305,4/26/15,12.2,3570
305,5/20/15,14,3284
305,6/13/15,15.7,3186
305,7/7/15,16.8,3129
305,7/31/15,16.9,3276
305,8/24/15,17,2984
305,9/17/15,18.6,2825
305,10/11/15,19.4,2883
305,11/4/15,19.7,2934
305,11/28/15,20.3,2680
305,12/22/15,21.2,2744
305,1/15/16,21.6,2509
305,2/8/16,21.9,2624
305,3/3/16,22.7,2327
305,3/27/16,23.4,2358
305,4/20/16,23.9,2281
305,5/14/16,23.9,2270
305,6/7/16,24.4,2288
305,7/1/16,24.5,2216
305,7/25/16,24.6,2189
305,8/18/16,25.5,2079
305,9/11/16,25.9,1828
305,10/5/16,25.9,1866
306,10/4/14,7.6,3868
306,10/16/14,7.6,3968
306,10/28/14,7.9,3934
306,11/9/14,8.3,4042
306,11/21/14,9.8,4194
306,12/3/14,9.8,4032
306,12/15/14,9.9,4115
306,12/27/14,10,3935
306,1/8/15,11.9,3861
306,1/20/15,12.2,3971
306,2/1/15,12.3,3827
306,2/13/15,12.5,3964
306,2/25/15,12.7,3907
306,3/9/15,12.8,3860
306,3/21/15,13.1,3681
306,4/2/15,13.4,3617
306,4/14/15,13.4,3636
306,4/26/15,13.5,3608
306,5/8/15,13.6,3656
306,5/20/15,13.6,3843
306,6/1/15,13.9,3889
306,6/13/15,14,3582
306,6/25/15,14.5,3720
306,7/7/15,14.6,3655
306,7/19/15,14.8,3617
306,7/31/15,15.7,3546
306,8/12/15,15.8,3536
306,8/24/15,15.9,3437
306,9/5/15,16,3374
306,9/17/15,16.3,3501
306,9/29/15,16.4,3508
306,10/11/15,16.6,3486
306,10/23/15,17.2,3268
306,11/4/15,17.7,3264
306,11/16/15,17.9,3375
306,11/28/15,18,3182
306,12/10/15,18.5,3368
306,12/22/15,18.5,3384
306,1/3/16,19.3,3000
306,1/15/16,19.9,3189
306,1/27/16,20.3,3120
306,2/8/16,20.6,3019
306,2/20/16,21.1,2906
306,3/3/16,21.6,2949
306,3/15/16,21.9,2862
306,3/27/16,21.9,2820
306,4/8/16,21.9,2764
306,4/20/16,22.1,2873
306,5/2/16,22.3,2856
306,5/14/16,22.4,2826
306,5/26/16,22.5,2581
306,6/7/16,22.5,2729
306,6/19/16,23.2,2605
306,7/1/16,23.4,2432
306,7/13/16,23.9,2488
306,7/25/16,24.2,2521
306,8/6/16,24.3,2394
306,8/18/16,25.4,2211
306,8/30/16,25.6,2192
306,9/11/16,25.8,2109
306,9/23/16,26.1,1953
306,10/5/16,26.2,1994
306,10/17/16,27.1,1809
307,11/21/14,11.3,3123
307,12/3/14,12.5,3081
307,12/15/14,13.1,2868
307,12/27/14,13.5,3023
307,1/8/15,13.9,2915
307,1/20/15,14.4,2936
307,2/1/15,14.7,2995
307,2/13/15,14.9,2815
307,2/25/15,15.3,2956
307,3/9/15,15.4,2754
307,3/21/15,15.6,2804
307,4/2/15,16,2805
307,4/14/15,16.2,2855
307,4/26/15,16.9,2834
307,5/8/15,17.1,2842
307,5/20/15,17.2,2756
307,6/1/15,17.6,2663
307,6/13/15,18.3,2772
307,6/25/15,18.6,2779
307,7/7/15,18.7,2736
307,7/19/15,18.7,2777
307,7/31/15,18.9,2760
307,8/12/15,19,2676
307,8/24/15,19,2868
307,9/5/15,19.2,2631
307,9/17/15,19.3,2834
307,9/29/15,19.3,2711
307,10/11/15,20.1,2753
307,10/23/15,20.1,2644
307,11/4/15,20.3,2818
307,11/16/15,20.5,2747
307,11/28/15,20.8,2824
307,12/10/15,20.9,2578
307,12/22/15,21.3,2736
307,1/3/16,21.8,2568
307,1/15/16,22.1,2686
307,1/27/16,22.7,2694
307,2/8/16,23.2,2595
307,2/20/16,23.8,2564
307,3/3/16,24.5,2693
307,3/15/16,24.7,2772
307,3/27/16,24.7,2585
307,4/8/16,24.7,2598
307,4/20/16,25.1,2783
307,5/2/16,25.8,2726
307,5/14/16,26,2685
307,5/26/16,26,2752
307,6/7/16,26,2645
307,6/19/16,26.2,2578
307,7/1/16,26.5,2630
307,7/13/16,26.9,2602
307,7/25/16,27.5,2560
307,8/6/16,27.6,2667
307,8/18/16,27.6,2614
307,8/30/16,27.8,2680
307,9/11/16,27.9,2626
307,9/23/16,28.6,2639
307,10/5/16,28.8,2652
307,10/17/16,28.8,2625
308,5/16/14,4.8,2070
308,6/30/14,5.9,1940
308,8/14/14,6,1992
308,9/28/14,6.7,1968
308,11/12/14,7,1930
308,12/27/14,11.6,2038
308,2/10/15,11.8,2009
308,3/27/15,12.4,2127
308,5/11/15,12.8,2071
308,6/25/15,16.9,1710
308,8/9/15,18.8,1548
308,9/23/15,20.9,1443
308,11/7/15,22.9,1374
308,12/22/15,23.3,1427
308,2/5/16,26.3,1301
308,3/21/16,27.7,1301
308,5/5/16,27.7,1347
308,6/19/16,27.8,1345
308,8/3/16,28.9,1293
308,9/17/16,30,1251
309,7/20/14,6.8,7321
309,8/9/14,6.9,7512
309,8/29/14,7.3,7827
309,9/18/14,7.4,7568
309,10/8/14,8,7478
309,10/28/14,8.7,7203
309,11/17/14,9.7,7656
309,12/7/14,10.4,7721
309,12/27/14,10.6,7957
309,1/16/15,11.8,7354
309,2/5/15,12.4,7342
309,2/25/15,12.7,7000
309,3/17/15,12.7,7037
309,4/6/15,13.6,6963
309,4/26/15,13.7,6999
309,5/16/15,15.1,6508
309,6/5/15,15.1,6672
309,6/25/15,15.3,6226
309,7/15/15,15.5,6565
309,8/4/15,16.3,6336
309,8/24/15,16.4,6031
309,9/13/15,16.4,6407
309,10/3/15,16.5,6165
309,10/23/15,16.8,5977
309,11/12/15,17.3,6210
309,12/2/15,17.6,5699
309,12/22/15,19,5895
309,1/11/16,19,5809
309,1/31/16,20.6,5459
309,2/20/16,21.6,5629
309,3/11/16,22.4,5267
309,3/31/16,22.6,5140
309,4/20/16,22.9,5475
309,5/10/16,23.2,5208
309,5/30/16,23.9,5062
309,6/19/16,25.9,5189
309,7/9/16,26.1,4752
309,7/29/16,26.6,5085
309,8/18/16,26.7,4709
309,9/7/16,27.3,4741
309,9/27/16,27.7,4908
309,10/17/16,28,4792
310,1/6/15,10.9,10223
310,2/12/15,11.4,10248
310,3/21/15,13.1,9375
310,4/27/15,13.6,10003
310,6/3/15,13.6,9333
310,7/10/15,14.9,9202
310,8/16/15,15.5,8846
310,9/22/15,17.5,7945
310,10/29/15,19.6,7699
310,12/5/15,20.9,7115
310,1/11/16,21.3,7307
310,2/17/16,21.8,7444
310,3/25/16,21.9,6918
310,5/1/16,22.5,7082
310,6/7/16,22.8,7431
310,7/14/16,23.6,6788
310,8/20/16,24.5,7161
310,9/26/16,25.3,6483
311,3/8/14,3.2,2992
311,5/13/14,4.8,3077
311,7/18/14,7.8,2416
311,9/22/14,8.9,2310
311,11/27/14,9.1,2146
311,2/1/15,10.2,2050
311,4/8/15,14.8,2000
311,6/13/15,15.9,1953
311,8/18/15,16.5,1978
311,10/23/15,16.9,1857
311,12/28/15,18.8,1791
311,3/3/16,18.9,1817
311,5/8/16,21.5,1855
311,7/13/16,23,1835
311,9/17/16,24.1,1884
401,8/14/14,7.5,10177
401,9/8/14,7.9,10047
401,10/3/14,8,10452
401,10/28/14,9,9600
401,11/22/14,9.1,9957
401,12/17/14,9.4,10425
401,1/11/15,10.1,10209
401,2/5/15,10.3,10219
401,3/2/15,10.5,10381
401,3/27/15,11,10052
401,4/21/15,11.8,10602
401,5/16/15,12,9796
401,6/10/15,12.4,9522
401,7/5/15,13,9408
401,7/30/15,13.2,9263
401,8/24/15,13.3,9216
401,9/18/15,13.4,9170
401,10/13/15,14,8723
401,11/7/15,14.4,9151
401,12/2/15,17,8348
401,12/27/15,17,7778
401,1/21/16,18.6,7974
401,2/15/16,19.1,7937
401,3/11/16,21.5,6933
401,4/5/16,22.1,6735
401,4/30/16,23.1,6910
401,5/25/16,23.2,7105
401,6/19/16,24.2,6802
401,7/14/16,24.4,6879
401,8/8/16,24.9,6618
401,9/2/16,26.1,6292
401,9/27/16,26.7,6365
401,10/22/16,27.1,6425
402,11/9/14,8.7,6963
402,12/18/14,9.4,7489
402,1/26/15,10.4,7130
402,3/6/15,12.5,7230
402,4/14/15,12.8,7008
402,5/23/15,13.8,6793
402,7/1/15,15.3,5864
402,8/9/15,16.3,6088
402,9/17/15,17.9,5598
402,10/26/15,18,5693
402,12/4/15,18.5,5773
402,1/12/16,19.8,5328
402,2/20/16,20.5,5469
402,3/30/16,20.7,5130
402,5/8/16,21,5119
402,6/16/16,25.4,4622
402,7/25/16,25.7,4717
402,9/2/16,25.7,4693
402,10/11/16,27.5,4454
403,8/29/14,8.1,6371
403,9/10/14,8.5,6541
403,9/22/14,8.6,6041
403,10/4/14,8.7,6107
403,10/16/14,9.7,6422
403,10/28/14,9.9,6587
403,11/9/14,10.4,6191
403,11/21/14,10.5,6384
403,12/3/14,10.7,6454
403,12/15/14,11.1,6053
403,12/27/14,11.2,6502
403,1/8/15,11.9,6621
403,1/20/15,12.3,6506
403,2/1/15,12.5,6128
403,2/13/15,13.1,6404
403,2/25/15,13.3,6346
403,3/9/15,13.3,6700
403,3/21/15,13.6,6226
403,4/2/15,14.1,6533
403,4/14/15,14.2,6698
403,4/26/15,14.4,6510
403,5/8/15,14.6,6355
403,5/20/15,15.3,6735
403,6/1/15,16,6236
403,6/13/15,16,6758
403,6/25/15,16,6203
403,7/7/15,16.1,6762
403,7/19/15,16.4,6379
403,7/31/15,16.6,6811
403,8/12/15,16.8,6327
403,8/24/15,16.9,6362
403,9/5/15,16.9,6494
403,9/17/15,17.3,6540
403,9/29/15,17.4,6872
403,10/11/15,17.6,6319
403,10/23/15,17.9,6460
403,11/4/15,17.9,6295
403,11/16/15,18,6266
403,11/28/15,18.1,6335
403,12/10/15,18.5,6744
403,12/22/15,18.7,6354
403,1/3/16,19,6728
403,1/15/16,19.5,6645
403,1/27/16,19.6,6748
403,2/8/16,20.8,6789
403,2/20/16,21.2,6802
403,3/3/16,22.3,6671
403,3/15/16,22.6,7053
403,3/27/16,22.7,6752
403,4/8/16,23.1,6867
403,4/20/16,23.2,6566
403,5/2/16,23.5,6508
403,5/14/16,24,6966
403,5/26/16,24.1,7004
403,6/7/16,24.2,6667
403,6/19/16,24.9,6520
403,7/1/16,24.9,6929
403,7/13/16,25.1,6595
403,7/25/16,25.5,7121
403,8/6/16,25.5,6676
403,8/18/16,25.6,6748
403,8/30/16,25.8,7063
403,9/11/16,26.3,6669
403,9/23/16,26.3,7012
403,10/5/16,26.4,6706
403,10/17/16,26.7,6854
404,7/18/14,7.5,3750
404,8/9/14,8.4,3638
404,8/31/14,8.5,3843
404,9/22/14,9.1,3632
404,10/14/14,9.3,3858
404,11/5/14,10.2,3652
404,11/27/14,10.2,3745
404,12/19/14,10.6,3697
404,1/10/15,10.8,3663
404,2/1/15,11,3555
404,2/23/15,11.9,3646
404,3/17/15,12,3572
404,4/8/15,12.2,3689
404,4/30/15,12.6,3602
404,5/22/15,12.8,3908
404,6/13/15,13,3609
404,7/5/15,13.1,3876
404,7/27/15,13.2,3915
404,8/18/15,13.6,3923
404,9/9/15,14.4,3844
404,10/1/15,15.7,3965
404,10/23/15,15.8,3986
404,11/14/15,16.9,3777
404,12/6/15,17.2,3744
404,12/28/15,18.7,4064
404,1/19/16,19.8,3754
404,2/10/16,19.9,3834
404,3/3/16,20.5,4061
404,3/25/16,20.5,3806
404,4/16/16,21,3894
404,5/8/16,21.2,3780
404,5/30/16,21.2,3839
404,6/21/16,21.4,4001
404,7/13/16,21.5,4022
404,8/4/16,24.1,4055
404,8/26/16,24.7,4107
404,9/17/16,25.8,4170
404,10/9/16,26,4134
405,3/22/14,2.6,2301
405,4/7/14,4.3,2345
405,4/23/14,5.3,2368
405,5/9/14,5.3,2262
405,5/25/14,5.5,2371
405,6/10/14,5.5,2371
405,6/26/14,5.7,2456
405,7/12/14,6.1,2354
405,7/28/14,6.2,2450
405,8/13/14,6.8,2326
405,8/29/14,7,2353
405,9/14/14,7.2,2343
405,9/30/14,8.3,2452
405,10/16/14,9,2352
405,11/1/14,9.4,2405
405,11/17/14,9.4,2526
405,12/3/14,9.7,2494
405,12/19/14,10.2,2366
405,1/4/15,10.2,2391
405,1/20/15,11.3,2416
405,2/5/15,11.4,2539
405,2/21/15,11.5,2479
405,3/9/15,12.1,2422
405,3/25/15,13.2,2212
405,4/10/15,13.4,2337
405,4/26/15,13.7,2224
405,5/12/15,14.6,2070
405,5/28/15,14.7,2231
405,6/13/15,14.8,2094
405,6/29/15,16.1,2018
405,7/15/15,16.6,1922
405,7/31/15,16.7,2044
405,8/16/15,17.5,1836
405,9/1/15,17.6,1859
405,9/17/15,19.1,1896
405,10/3/15,19.3,1858
405,10/19/15,19.7,1721
405,11/4/15,19.9,1766
405,11/20/15,20.2,1734
405,12/6/15,21.2,1788
405,12/22/15,21.9,1726
405,1/7/16,22.2,1723
405,1/23/16,22.7,1613
405,2/8/16,22.9,1740
405,2/24/16,23.1,1608
405,3/11/16,23.1,1733
405,3/27/16,23.6,1618
405,4/12/16,23.7,1680
405,4/28/16,23.8,1677
405,5/14/16,23.9,1658
405,5/30/16,24.1,1635
405,6/15/16,25.2,1540
405,7/1/16,25.9,1562
405,7/17/16,26.8,1635
405,8/2/16,27.1,1511
405,8/18/16,27.2,1524
405,9/3/16,28,1461
405,9/19/16,28.1,1590
405,10/5/16,28.6,1572
405,10/21/16,28.8,1553
406,8/5/14,5.1,5127
406,8/23/14,5.2,5077
406,9/10/14,6.3,5158
406,9/28/14,7.1,5178
406,10/16/14,7.5,5533
406,11/3/14,8.3,5422
406,11/21/14,8.6,5058
406,12/9/14,8.9,5385
406,12/27/14,9,5255
406,1/14/15,10,5254
406,2/1/15,10.4,30000
406,2/19/15,11.5,5429
406,3/9/15,12,5442
406,3/27/15,12.2,5298
406,4/14/15,13.8,4846
406,5/2/15,13.8,4993
406,5/20/15,14.6,4648
406,6/7/15,15.1,4503
406,6/25/15,15.1,4666
406,7/13/15,15.2,4554
406,7/31/15,18.2,4324
406,8/18/15,18.9,4256
406,9/5/15,18.9,3890
406,9/23/15,18.9,4032
406,10/11/15,19.1,4010
406,10/29/15,19.3,3967
406,11/16/15,19.9,3805
406,12/4/15,20.5,3865
406,12/22/15,20.9,3847
406,1/9/16,21.6,3956
406,1/27/16,21.8,3674
406,2/14/16,21.8,3598
406,3/3/16,22.2,3773
406,3/21/16,22.3,3653
406,4/8/16,22.8,3856
406,4/26/16,23.4,3646
406,5/14/16,23.9,3539
406,6/1/16,24,3750
406,6/19/16,24.1,3761
406,7/7/16,24.3,3693
406,7/25/16,24.3,3459
406,8/12/16,26.7,3343
406,8/30/16,26.8,3407
406,9/17/16,28.3,3422
406,10/5/16,28.4,3400
406,10/23/16,28.9,3294
501,12/12/14,8.9,7634
501,12/27/14,9.1,8282
501,1/11/15,9.1,7842
501,1/26/15,9.3,7930
501,2/10/15,10,7837
501,2/25/15,10.3,8251
501,3/12/15,10.8,7707
501,3/27/15,12.2,8371
501,4/11/15,12.3,8293
501,4/26/15,12.5,7854
501,5/11/15,12.7,7903
501,5/26/15,12.9,8400
501,6/10/15,12.9,7829
501,6/25/15,13,7874
501,7/10/15,13,8241
501,7/25/15,13,8526
501,8/9/15,13.4,8217
501,8/24/15,14,8528
501,9/8/15,14.4,7970
501,9/23/15,14.7,7982
501,10/8/15,14.7,8270
501,10/23/15,14.8,8521
501,11/7/15,15.5,8468
501,11/22/15,15.8,7902
501,12/7/15,16.3,8337
501,12/22/15,16.7,8519
501,1/6/16,16.8,7983
501,1/21/16,16.9,8528
501,2/5/16,17.2,8582
501,2/20/16,17.3,7920
501,3/6/16,18,8533
501,3/21/16,18.3,8462
501,4/5/16,18.3,8169
501,4/20/16,18.6,8181
501,5/5/16,20.4,8467
501,5/20/16,20.5,8852
501,6/4/16,20.7,8607
501,6/19/16,21.2,8841
501,7/4/16,21.3,8803
501,7/19/16,21.3,8080
501,8/3/16,21.9,8232
501,8/18/16,24,8879
501,9/2/16,24.5,8988
501,9/17/16,24.8,8958
501,10/2/16,26.8,8524
501,10/17/16,26.9,8659
701,2/26/14,1.9,1016
701,3/26/14,3.4,1013
701,4/23/14,3.7,999
701,5/21/14,4.1,996
701,6/18/14,4.6,1071
701,7/16/14,5,1042
701,8/13/14,6.9,1063
701,9/10/14,8.3,1086
701,10/8/14,9.4,1055
701,11/5/14,10.6,1109
701,12/3/14,10.9,1084
701,12/31/14,11,1026
701,1/28/15,11.2,1070
701,2/25/15,11.6,1109
701,3/25/15,11.9,1041
701,4/22/15,12.1,1042
701,5/20/15,12.8,1062
701,6/17/15,13.5,1077
701,7/15/15,13.9,1100
701,8/12/15,14.4,1125
701,9/9/15,14.6,1044
701,10/7/15,14.9,1133
701,11/4/15,15.5,1087
701,12/2/15,15.6,1093
701,12/30/15,16.1,1047
701,1/27/16,17,1090
701,2/24/16,17.3,1064
701,3/23/16,19.1,1079
701,4/20/16,19.6,1121
701,5/18/16,22.7,1161
701,6/15/16,23.1,1096
701,7/13/16,24.9,1100
701,8/10/16,25.5,1189
701,9/7/16,25.7,1162
701,10/5/16,25.8,1197
702,11/19/14,8.5,7544
702,12/3/14,8.8,7361
702,12/17/14,9.2,8114
702,12/31/14,10.1,7682
702,1/14/15,11.1,7877
702,1/28/15,11.2,8077
702,2/11/15,11.5,7658
702,2/25/15,12.1,7827
702,3/11/15,12.3,7969
702,3/25/15,12.8,7224
702,4/8/15,12.9,7822
702,4/22/15,12.9,7710
702,5/6/15,13.1,7740
702,5/20/15,13.6,7186
702,6/3/15,13.8,6795
702,6/17/15,13.9,7047
702,7/1/15,14.6,6585
702,7/15/15,14.8,6733
702,7/29/15,14.8,7075
702,8/12/15,15.1,6750
702,8/26/15,15.1,6784
702,9/9/15,15.4,6668
702,9/23/15,16,6709
702,10/7/15,16.2,6692
702,10/21/15,17.2,6523
702,11/4/15,18.3,5847
702,11/18/15,18.5,5692
702,12/2/15,18.8,5999
702,12/16/15,18.9,5863
702,12/30/15,19.2,5696
702,1/13/16,19.4,5665
702,1/27/16,19.8,5836
702,2/10/16,20,5518
702,2/24/16,20.7,5874
702,3/9/16,21,5440
702,3/23/16,21.4,5389
702,4/6/16,21.4,5389
702,4/20/16,21.8,5506
702,5/4/16,22.5,5180
702,5/18/16,22.6,5494
702,6/1/16,23.1,5573
702,6/15/16,24,5425
702,6/29/16,25.1,4934
702,7/13/16,25.3,5123
702,7/27/16,25.7,4988
702,8/10/16,26.3,4890
702,8/24/16,27.1,5083
702,9/7/16,27.2,4776
702,9/21/16,27.4,4887
702,10/5/16,27.8,5182
703,10/19/16,28.5,4765
703,12/17/14,9.8,398
703,1/21/15,12.6,417
703,2/25/15,12.8,401
703,4/1/15,12.8,397
703,5/6/15,13.6,390
703,6/10/15,13.9,357
703,7/15/15,14.2,370
703,8/19/15,14.4,372
703,9/23/15,16.3,334
703,10/28/15,17.1,323
703,12/2/15,17.2,321
703,1/6/16,17.5,311
703,2/10/16,18.9,318
703,3/16/16,20.5,293
703,4/20/16,21.9,295
703,5/25/16,22.2,281
703,6/29/16,22.2,275
703,8/3/16,22.8,271
703,9/7/16,23.1,277
703,10/12/16,23.1,30000
704,11/9/14,11,3445
704,12/5/14,12.1,3569
704,12/31/14,12.4,3575
704,1/26/15,13.6,3349
704,2/21/15,13.6,3578
704,3/19/15,14.5,3471
704,4/14/15,14.7,3492
704,5/10/15,15.1,3410
704,6/5/15,15.6,3614
704,7/1/15,16.2,3625
704,7/27/15,16.7,3563
704,8/22/15,16.8,3654
704,9/17/15,17,3658
704,10/13/15,17,3550
704,11/8/15,17.1,3444
704,12/4/15,18.3,3772
704,12/30/15,18.7,3599
704,1/25/16,19.6,3669
704,2/20/16,19.7,3489
704,3/17/16,19.8,3473
704,4/12/16,19.9,3529
704,5/8/16,22.9,3712
704,6/3/16,23.5,3538
704,6/29/16,23.9,3582
704,7/25/16,25.2,3811
704,8/20/16,26,3564
704,9/15/16,26.6,3800
704,10/11/16,26.8,3898
705,2/6/14,2,3715
705,2/18/14,3.2,3502
705,3/2/14,3.3,3576
705,3/14/14,3.7,3711
705,3/26/14,3.8,3458
705,4/7/14,3.8,3458
705,4/19/14,4,3771
705,5/1/14,4.5,3744
705,5/13/14,4.7,3729
705,5/25/14,5.5,3818
705,6/6/14,6.4,3595
705,6/18/14,6.9,3678
705,6/30/14,7,3828
705,7/12/14,7.1,3756
705,7/24/14,7.6,3710
705,8/5/14,7.7,3841
705,8/17/14,9.6,3878
705,8/29/14,9.9,3734
705,9/10/14,10.4,3705
705,9/22/14,10.5,3839
705,10/4/14,10.8,3807
705,10/16/14,11.5,3820
705,10/28/14,11.7,3730
705,11/9/14,12.1,3775
705,11/21/14,12.3,3684
705,12/3/14,12.9,3885
705,12/15/14,12.9,3847
705,12/27/14,12.9,3695
705,1/8/15,13,3640
705,1/20/15,13,3640
705,2/1/15,13.6,3880
705,2/13/15,13.7,3997
705,2/25/15,13.9,4001
705,3/9/15,14,60000
705,3/21/15,14.5,3974
705,4/2/15,15.1,3871
705,4/14/15,15.2,3815
705,4/26/15,15.4,3954
705,5/8/15,15.4,3857
705,5/20/15,15.8,3788
705,6/1/15,15.9,3751
705,6/13/15,15.9,3867
705,6/25/15,16,3869
705,7/7/15,16,3907
705,7/19/15,16,3946
705,7/31/15,16.2,4028
705,8/12/15,16.4,3993
705,8/24/15,16.6,3803
705,9/5/15,16.6,3686
705,9/17/15,17.3,3738
705,9/29/15,17.3,3797
705,10/11/15,17.6,4056
705,10/23/15,17.9,3730
705,11/4/15,18.4,3798
705,11/16/15,18.9,3749
705,11/28/15,19.1,3811
705,12/10/15,19.1,3968
705,12/22/15,19.5,3839
705,1/3/16,19.5,4075
705,1/15/16,20.1,4008
705,1/27/16,20.1,4107
705,2/8/16,20.3,4071
705,2/20/16,20.4,4093
705,3/3/16,20.4,3955
705,3/15/16,20.4,3975
705,3/27/16,21.2,3911
705,4/8/16,22.1,4068
705,4/20/16,22.5,3817
705,5/2/16,22.7,3881
705,5/14/16,22.9,4105
705,5/26/16,23,3926
705,6/7/16,23.5,3996
705,6/19/16,24.4,4035
705,7/1/16,25,3966
705,7/13/16,25,3966
705,7/25/16,25.9,3862
705,8/6/16,25.9,4207
705,8/18/16,26.5,4118
705,8/30/16,27.5,3934
705,9/11/16,27.5,4241
705,9/23/16,27.6,4141
705,10/5/16,27.8,30000
705,10/17/16,28.6,3997
901,3/24/15,6.7,3952
901,8/20/15,9.8,3951
901,1/16/16,20.3,4559
901,6/13/16,25.1,4445
902,10/26/14,9,1104
902,8/20/15,17.5,954
902,6/13/16,28.7,876
801,11/17/14,9.4,3506
801,12/7/14,9.6,3358
801,12/27/14,10.2,3271
801,1/16/15,10.6,3382
801,2/5/15,11.2,3242
801,2/25/15,11.9,3267
801,3/17/15,12.2,3083
801,4/6/15,13.2,3307
801,4/26/15,13.6,3000
801,5/16/15,14,3137
801,6/5/15,14.8,2975
801,6/25/15,15.2,3006
801,7/15/15,15.3,2986
801,8/4/15,15.7,3063
801,8/24/15,16.8,2981
801,9/13/15,17.9,3117
801,10/3/15,18.3,2853
801,10/23/15,18.6,2891
801,11/12/15,18.7,3068
801,12/2/15,19.3,3055
801,12/22/15,19.3,2907
801,1/11/16,19.5,2918
801,1/31/16,19.6,3049
801,2/20/16,20,3027
801,3/11/16,20.1,3040
801,3/31/16,21,3011
801,4/20/16,22.1,2792
801,5/10/16,22.1,2894
801,5/30/16,22.8,2785
801,6/19/16,24,2993
801,7/9/16,24.4,2859
801,7/29/16,25.2,2767
801,8/18/16,25.7,2910
801,9/7/16,26,2923
801,9/27/16,26.9,2977
801,10/17/16,27.5,2773